﻿name	type	units	low_cutoff	high_cutoff	description	sampling_frequency	status	status_description
S1_D1 756	NIRSCWOPTICALDENSITY	n/a	0.0	25.0	Other type of channel	50.0	good	n/a
S1_D1 853	NIRSCWOPTICALDENSITY	n/a	0.0	25.0	Other type of channel	50.0	good	n/a
S2_D1 756	NIRSCWOPTICALDENSITY	n/a	0.0	25.0	Other type of channel	50.0	good	n/a
S2_D1 853	NIRSCWOPTICALDENSITY	n/a	0.0	25.0	Other type of channel	50.0	good	n/a
S3_D1 756	NIRSCWOPTICALDENSITY	n/a	0.0	25.0	Other type of channel	50.0	good	n/a
S3_D1 853	NIRSCWOPTICALDENSITY	n/a	0.0	25.0	Other type of channel	50.0	good	n/a
S1_D2 756	NIRSCWOPTICALDENSITY	n/a	0.0	25.0	Other type of channel	50.0	good	n/a
S1_D2 853	NIRSCWOPTICALDENSITY	n/a	0.0	25.0	Other type of channel	50.0	good	n/a
S3_D2 756	NIRSCWOPTICALDENSITY	n/a	0.0	25.0	Other type of channel	50.0	good	n/a
S3_D2 853	NIRSCWOPTICALDENSITY	n/a	0.0	25.0	Other type of channel	50.0	good	n/a
S4_D2 756	NIRSCWOPTICALDENSITY	n/a	0.0	25.0	Other type of channel	50.0	good	n/a
S4_D2 853	NIRSCWOPTICALDENSITY	n/a	0.0	25.0	Other type of channel	50.0	good	n/a
S2_D3 756	NIRSCWOPTICALDENSITY	n/a	0.0	25.0	Other type of channel	50.0	good	n/a
S2_D3 853	NIRSCWOPTICALDENSITY	n/a	0.0	25.0	Other type of channel	50.0	good	n/a
S3_D3 756	NIRSCWOPTICALDENSITY	n/a	0.0	25.0	Other type of channel	50.0	good	n/a
S3_D3 853	NIRSCWOPTICALDENSITY	n/a	0.0	25.0	Other type of channel	50.0	good	n/a
S5_D3 756	NIRSCWOPTICALDENSITY	n/a	0.0	25.0	Other type of channel	50.0	good	n/a
S5_D3 853	NIRSCWOPTICALDENSITY	n/a	0.0	25.0	Other type of channel	50.0	good	n/a
S3_D4 756	NIRSCWOPTICALDENSITY	n/a	0.0	25.0	Other type of channel	50.0	good	n/a
S3_D4 853	NIRSCWOPTICALDENSITY	n/a	0.0	25.0	Other type of channel	50.0	good	n/a
S4_D4 756	NIRSCWOPTICALDENSITY	n/a	0.0	25.0	Other type of channel	50.0	good	n/a
S4_D4 853	NIRSCWOPTICALDENSITY	n/a	0.0	25.0	Other type of channel	50.0	good	n/a
S5_D4 756	NIRSCWOPTICALDENSITY	n/a	0.0	25.0	Other type of channel	50.0	good	n/a
S5_D4 853	NIRSCWOPTICALDENSITY	n/a	0.0	25.0	Other type of channel	50.0	good	n/a
S6_D5 756	NIRSCWOPTICALDENSITY	n/a	0.0	25.0	Other type of channel	50.0	good	n/a
S6_D5 853	NIRSCWOPTICALDENSITY	n/a	0.0	25.0	Other type of channel	50.0	good	n/a
S7_D5 756	NIRSCWOPTICALDENSITY	n/a	0.0	25.0	Other type of channel	50.0	good	n/a
S7_D5 853	NIRSCWOPTICALDENSITY	n/a	0.0	25.0	Other type of channel	50.0	good	n/a
S8_D5 756	NIRSCWOPTICALDENSITY	n/a	0.0	25.0	Other type of channel	50.0	good	n/a
S8_D5 853	NIRSCWOPTICALDENSITY	n/a	0.0	25.0	Other type of channel	50.0	good	n/a
S6_D6 756	NIRSCWOPTICALDENSITY	n/a	0.0	25.0	Other type of channel	50.0	good	n/a
S6_D6 853	NIRSCWOPTICALDENSITY	n/a	0.0	25.0	Other type of channel	50.0	good	n/a
S8_D6 756	NIRSCWOPTICALDENSITY	n/a	0.0	25.0	Other type of channel	50.0	good	n/a
S8_D6 853	NIRSCWOPTICALDENSITY	n/a	0.0	25.0	Other type of channel	50.0	good	n/a
S9_D6 756	NIRSCWOPTICALDENSITY	n/a	0.0	25.0	Other type of channel	50.0	good	n/a
S9_D6 853	NIRSCWOPTICALDENSITY	n/a	0.0	25.0	Other type of channel	50.0	good	n/a
S7_D7 756	NIRSCWOPTICALDENSITY	n/a	0.0	25.0	Other type of channel	50.0	good	n/a
S7_D7 853	NIRSCWOPTICALDENSITY	n/a	0.0	25.0	Other type of channel	50.0	good	n/a
S8_D7 756	NIRSCWOPTICALDENSITY	n/a	0.0	25.0	Other type of channel	50.0	good	n/a
S8_D7 853	NIRSCWOPTICALDENSITY	n/a	0.0	25.0	Other type of channel	50.0	good	n/a
S10_D7 756	NIRSCWOPTICALDENSITY	n/a	0.0	25.0	Other type of channel	50.0	good	n/a
S10_D7 853	NIRSCWOPTICALDENSITY	n/a	0.0	25.0	Other type of channel	50.0	good	n/a
S8_D8 756	NIRSCWOPTICALDENSITY	n/a	0.0	25.0	Other type of channel	50.0	good	n/a
S8_D8 853	NIRSCWOPTICALDENSITY	n/a	0.0	25.0	Other type of channel	50.0	good	n/a
S9_D8 756	NIRSCWOPTICALDENSITY	n/a	0.0	25.0	Other type of channel	50.0	good	n/a
S9_D8 853	NIRSCWOPTICALDENSITY	n/a	0.0	25.0	Other type of channel	50.0	good	n/a
S10_D8 756	NIRSCWOPTICALDENSITY	n/a	0.0	25.0	Other type of channel	50.0	good	n/a
S10_D8 853	NIRSCWOPTICALDENSITY	n/a	0.0	25.0	Other type of channel	50.0	good	n/a
