{
    "TaskName": "empe",
    "Manufacturer": "SNIRF",
    "PowerLineFrequency": 50.0,
    "SamplingFrequency": 50.0,
    "SoftwareFilters": "n/a",
    "RecordingDuration": 2815.46,
    "RecordingType": "continuous",
    "EEGChannelCount": 0,
    "EOGChannelCount": 0,
    "ECGChannelCount": 0,
    "EMGChannelCount": 0,
    "MiscChannelCount": 0,
    "TriggerChannelCount": 0,
    "NIRSChannelCount": 48,
    "NIRSSourceOptodeCount": 10,
    "NIRSDetectorOptodeCount": 8,
    "CapManufacturer": "Artinis Medical Systems",
    "CapManufacturersModelName": "custom"
}